{
  "ID":"0001",
  "category":"shirts",
  "price":"$38.70",
  "title":"Crew Sweatshirt by New Era",
  "text":"Great for wearing over a button-down or on its own. Details: -Sueded, 9 oz., 52% cotton/48% polyester French terry. -Crewneck with rib-knit V inset. -Rolled-forward shoulders. -Rib-knit cuffs, side panels and bottom hem. -Coverstitched seams. -Import. Screen Print. Black.",
  "product_page":"https://logostore-globalid.us/ProductDetail.aspx?pid=240207",
  "image_url":"https://lf.staplespromotionalproducts.com/lf?set=scale[50],env[live],output_format[png],sku_number[200314539],sku_dir[200314],view_code[D]%26call=url[file:san/com/sku.chain]"
}