{
  "ID":"0004",
  "category":"shirts",
  "price":"$13.25",
  "title":"Watson Health T-Shirt",
  "text":"Great for wearing under a cardigan or on its own, this classic tee can go anywhere. Details: -52/48 combed and ringspun cotton/polyester. -Side seams, Unisex sizing, retail fit. -Shoulder to shoulder taping. -Import. Screen Print. Heather Forest.",
  "product_page":"https://logostore-globalid.us/ProductDetail.aspx?pid=228574",
  "image_url":"https://lf.staplespromotionalproducts.com/lf?set=scale[50],env[live],output_format[png],sku_number[200303139],sku_dir[200303],view_code[F1]%26call=url[file:san/com/sku.chain]"
}