{
  "ID":"0021",
  "category":"cups/mugs",
  "price":"$4.80",
  "title":"Think C-Handle Mug 11oz",
  "text":"-Straight wall ceramic mug with large C handle -Dishwasher and microwave safe (without metallic imprint) -Holds 11 oz. -Import. Screen Print. Black.",
  "product_page":"https://logostore-globalid.us/ProductDetail.aspx?pid=240166",
  "image_url":"https://lf.staplespromotionalproducts.com/lf?set=scale[50],env[live],output_format[png],sku_number[200315832],sku_dir[200315],view_code[D]%26call=url[file:san/com/sku.chain]"
}