{
  "ID":"0022",
  "category":"cups/mugs",
  "price":"$18.80",
  "title":"12oz Stainless Steel Mug",
  "text":"Take your beverage on the go with this 12oz Stainless Tumbler. Details -BPA-free, double-wall, vacuum insulated 18/8 stainless steel. -Won't retain odors or tastes. -Flip-lock plastic lid. -Ergonomic open handle. -Passivated interior for corrosion protection. -Keeps drinks hot for up to six hours or cold for up to 12 hours. -Single-serve friendly for a cup of coffee. -Keurig® Friendly. -Fits most cup holders. -Hand wash recommended, (lid is top rack dishwasher safe). -Do not microwave. -Holds 12 oz. -Gift Boxed. -Import. Laser Engraving. Matte Navy.",
  "product_page":"https://logostore-globalid.us/ProductDetail.aspx?pid=240186",
  "image_url":"https://lf.staplespromotionalproducts.com/lf?set=scale[50],env[live],output_format[png],sku_number[200314347],sku_dir[200314],view_code[D]%26call=url[file:san/com/sku.chain]"
}