{
  "ID":"0015",
  "category":"caps/hats",
  "price":"$6.34",
  "title":"Think Beanie",
  "text":"Stay warm and look stylish with this knit beanie. Details: -100% acrylic yarn -One size fits most -IBM logo on sewn on woven label -Import",
  "product_page":"https://logostore-globalid.us/ProductDetail.aspx?pid=211898",
  "image_url":"https://lf.staplespromotionalproducts.com/lf?set=scale[50],env[live],output_format[png],sku_number[200276103],sku_dir[200276],view_code[F1]%26call=url[file:san/com/sku.chain]"
}