{
  "ID":"0003",
  "category":"shirts",
  "price":"$26.10",
  "title":"Think Polo",
  "text":"-Moisture-wicking, UV protection, 4.5 oz., 100% polyester micromesh knit -Solid rib-knit collar -Three dyed-to-match polished buttons on placket -Hemmed sleeves -Single-needle topstitching -Even bottom with side vents -Import. Embroidery. Black.",
  "product_page":"https://logostore-globalid.us/ProductDetail.aspx?pid=240168",
  "image_url":"https://lf.staplespromotionalproducts.com/lf?set=scale[50],env[live],output_format[png],sku_number[200315835],sku_dir[200315],view_code[F2]%26call=url[file:san/com/sku.chain]"
}