{
  "ID":"0012",
  "category":"caps/hats",
  "price":"$7.43",
  "title":"Performance Cap",
  "text":"This unstructured low profile cap is the perfect weekend accessory. Details: -Grey Space Dye fabric 98% Polyester/2% Spandex -HD Screen printed logo -Velcro back closure",
  "product_page":"https://logostore-globalid.us/ProductDetail.aspx?pid=211897",
  "image_url":"https://lf.staplespromotionalproducts.com/lf?set=scale[50],env[live],output_format[png],sku_number[200276102],sku_dir[200276],view_code[F1]%26call=url[file:san/com/sku.chain]"
}