{
  "ID":"0024",
  "category":"cups/mugs",
  "price":"$2.45",
  "title":"Water Bottle 24 oz",
  "text":"Stay hydrated with this handy water bottle. Take it along anywhere. Details: -24 oz refillable water bottle -Lid includes silicone gasket and rounded handle -BPA free -Not recommended for dishwasher or microwave -Import. Imprint. Clear.",
  "product_page":"https://logostore-globalid.us/ProductDetail.aspx?pid=206337",
  "image_url":"https://lf.staplespromotionalproducts.com/lf?set=scale[50],env[live],output_format[png],sku_number[200275503],sku_dir[200275],view_code[F1]%26call=url[file:san/com/sku.chain]"
}