{
  "ID":"0005",
  "category":"shirts",
  "price":"$30.00",
  "title":"Long Sleeve Twill Shirt",
  "text":"This comfortable wash-and-wear shirt is indispensable for the workday. Details: -Wrinkle free. -Button down collar. -55% Cotton/45% Polyester. -Embroidery. Black.",
  "product_page":"https://logostore-globalid.us/ProductDetail.aspx?pid=220048",
  "image_url":"https://lf.staplespromotionalproducts.com/lf?set=scale[50],env[live],output_format[png],sku_number[200293167],sku_dir[200293],view_code[F1]%26call=url[file:san/com/sku.chain]"
}